proveedor,producto
NutriSport Colombia,Proteína Whey Gold
NutriSport Colombia,Creatina Monohidratada
NutriSport Colombia,BCAA Energy
NutriSport Colombia,Caseína Night
NutriSport Colombia,Mass Gainer 10lbs
Supplements Pro,Pre-Workout Explosive
Supplements Pro,Glutamina
VitaminWorld,Vitamina D3
VitaminWorld,Omega 3 Fish Oil
VitaminWorld,Vitamina B Complex
VitaminWorld,Multivitamínico Daily Pack
GymMax Colombia,Te Verde Natural
GymMax Colombia,Colágeno Hidrolizado
GymMax Colombia,Termogénico Fat Burner
FitEquipment SAS,Proteína Smart Proscience Vainilla 6lbs
FitEquipment SAS,Whey Gold Standard 5lbs
FitEquipment SAS,Proteína ISO Clean 5lbs
SportSupply,L-Carnitine
SportSupply,Guantes de Gimnasio
SportSupply,Straps de Levantamiento
PowerUp Distribuciones,Shaker 700ml
PowerUp Distribuciones,Cinturón de Levantamiento
PowerUp Distribuciones,Rodillera Deportiva
PowerUp Distribuciones,Cuerda para Saltar
TotalFit Imports,Banda Elástica Set
TotalFit Imports,Pelota de Yoga
TotalFit Imports,Ruedas Abdominales
MuscleLab,Balón Medicinal 4kg
